1,A0A,1011,10
2,A0B,1011,10
3,A0C,1011,10
4,A0E,1011,10
5,A0G,1012,10
6,A0H,1012,10
7,A0J,1012,10
8,A0K,1012,10
9,A0K,1013,10
10,A0K,1014,10
11,A0L,1013,10
12,A0M,1013,10
13,A0N,1013,10
14,A0P,1014,10
15,A0R,1014,10
16,A1A,1011,10
17,A1B,1011,10
18,A1C,1011,10
19,A1E,1011,10
20,A1G,1011,10
21,A1H,1011,10
22,A1K,1011,10
23,A1L,1011,10
24,A1M,1011,10
25,A1N,1011,10
26,A1S,1011,10
27,A1V,1012,10
28,A1W,1011,10
29,A1X,1011,10
30,A1Y,1011,10
31,A2A,1012,10
32,A2B,1012,10
33,A2H,1013,10
34,A2N,1013,10
35,A2V,1014,10
36,A5A,1011,10
37,A8A,1013,12
38,B0C,1203,12
39,B0E,1203,12
40,B0H,1203,12
41,B0J,1201,12
42,B0J,1203,12
43,B0J,1204,12
44,B0K,1202,12
45,B0K,1203,12
46,B0L,1202,12
47,B0M,1202,12
48,B0N,1201,12
49,B0N,1202,12
50,B0N,1204,12
51,B0P,1201,12
52,B0P,1204,12
53,B0R,1201,12
54,B0S,1201,12
55,B0T,1201,12
56,B0V,1201,12
57,B0W,1201,12
58,B1A,1203,12
59,B1B,1203,12
60,B1C,1203,12
61,B1E,1203,12
62,B1G,1203,12
63,B1H,1203,12
64,B1J,1203,12
65,B1K,1203,12
66,B1L,1203,12
67,B1M,1203,12
68,B1N,1203,12
69,B1P,1203,12
70,B1R,1203,12
71,B1S,1203,12
72,B1T,1203,12
73,B1V,1203,12
74,B1W,1203,12
75,B1X,1203,12
76,B1Y,1203,12
77,B2A,1203,12
78,B2C,1203,12
79,B2E,1203,12
80,B2G,1203,12
81,B2H,1202,12
82,B2J,1203,12
83,B2N,1202,12
84,B2R,1204,12
85,B2S,1202,12
86,B2S,1204,12
87,B2T,1202,12
88,B2T,1204,12
89,B2V,1204,12
90,B2W,1204,12
91,B2X,1204,12
92,B2Y,1204,12
93,B2Z,1204,12
94,B3A,1204,12
95,B3B,1204,12
96,B3E,1204,12
97,B3G,1204,12
98,B3H,1204,12
99,B3J,1204,12
100,B3K,1204,12
101,B3L,1204,12
102,B3M,1204,12
103,B3N,1204,12
104,B3P,1204,12
105,B3R,1204,12
106,B3S,1204,12
107,B3T,1204,12
108,B3V,1204,12
109,B3Z,1204,12
110,B4A,1204,12
111,B4B,1204,12
112,B4C,1204,12
113,B4E,1204,12
114,B4G,1204,12
115,B4H,1202,12
116,B4N,1201,12
117,B4P,1201,12
118,B4R,1201,12
119,B4V,1201,12
120,B5A,1201,12
121,B6L,1202,12
122,B9A,1203,11
123,C0A,1100,11
124,C0B,1100,11
125,C1A,1100,11
126,C1B,1100,11
127,C1C,1100,11
128,C1E,1100,11
129,C1N,1100,13
130,E1A,1301,13
131,E1B,1301,13
132,E1C,1301,13
133,E1E,1301,13
134,E1G,1301,13
135,E1H,1301,13
136,E1J,1301,13
137,E1N,1301,13
138,E1N,1307,13
139,E1V,1302,13
140,E1V,1307,13
141,E1W,1306,13
142,E1X,1306,13
143,E1X,1307,13
144,E2A,1306,13
145,E2E,1302,13
146,E2G,1302,13
147,E2H,1302,13
148,E2J,1302,13
149,E2K,1302,13
150,E2L,1302,13
151,E2M,1302,13
152,E2N,1302,13
153,E2P,1302,13
154,E2R,1302,13
155,E2S,1302,13
156,E2V,1303,13
157,E3A,1303,13
158,E3B,1303,13
159,E3C,1303,13
160,E3E,1303,13
161,E3G,1303,13
162,E3L,1302,13
163,E3N,1305,13
164,E3V,1304,13
165,E3Y,1303,13
166,E3Y,1304,13
167,E3Z,1303,13
168,E3Z,1304,13
169,E4A,1303,13
170,E4B,1303,13
171,E4C,1302,13
172,E4C,1303,13
173,E4E,1302,13
174,E4G,1302,13
175,E4H,1301,13
176,E4J,1301,13
177,E4K,1301,13
178,E4L,1301,13
179,E4M,1301,13
180,E4N,1301,13
181,E4P,1301,13
182,E4R,1301,13
183,E4S,1301,13
184,E4T,1301,13
185,E4V,1301,13
186,E4W,1301,13
187,E4X,1301,13
188,E4Y,1301,13
189,E4Y,1307,13
190,E4Z,1301,13
191,E4Z,1302,13
192,E5A,1302,13
193,E5B,1302,13
194,E5C,1302,13
195,E5E,1302,13
196,E5G,1302,13
197,E5H,1302,13
198,E5J,1302,13
199,E5K,1302,13
200,E5L,1302,13
201,E5L,1303,13
202,E5M,1302,13
203,E5M,1303,13
204,E5N,1302,13
205,E5P,1302,13
206,E5R,1302,13
207,E5S,1302,13
208,E5T,1302,13
209,E5V,1302,13
210,E6A,1303,13
211,E6B,1303,13
212,E6C,1303,13
213,E6E,1303,13
214,E6G,1303,13
215,E6H,1303,13
216,E6J,1303,13
217,E6K,1302,13
218,E6K,1303,13
219,E6L,1303,13
220,E7A,1304,13
221,E7B,1304,13
222,E7C,1304,13
223,E7E,1304,13
224,E7G,1303,13
225,E7H,1303,13
226,E7J,1303,13
227,E7K,1303,13
228,E7L,1303,13
229,E7M,1303,13
230,E7N,1303,13
231,E7P,1303,13
232,E8A,1304,13
233,E8B,1304,13
234,E8B,1305,13
235,E8C,1305,13
236,E8E,1305,13
237,E8G,1305,13
238,E8G,1306,13
239,E8J,1306,13
240,E8K,1306,13
241,E8L,1306,13
242,E8M,1306,13
243,E8N,1306,13
244,E8P,1306,13
245,E8R,1306,13
246,E8S,1306,13
247,E8T,1306,13
248,E9A,1301,13
249,E9A,1307,13
250,E9B,1307,13
251,E9C,1303,13
252,E9E,1307,13
253,E9G,1307,13
254,E9H,1307,24
255,G0A,2403,24
256,G0A,2404,24
257,G0C,2411,24
258,G0E,2411,24
259,G0G,2409,24
260,G0H,2409,24
261,G0J,2401,24
262,G0J,2411,24
263,G0K,2401,24
264,G0L,2401,24
265,G0M,2405,24
266,G0M,2412,24
267,G0N,2404,24
268,G0N,2412,24
269,G0P,2404,24
270,G0P,2405,24
271,G0P,2412,24
272,G0R,2401,24
273,G0R,2412,24
274,G0S,2404,24
275,G0S,2412,24
276,G0T,2403,24
277,G0T,2409,24
278,G0V,2402,24
279,G0W,2402,24
280,G0W,2404,24
281,G0W,2410,24
282,G0W,2418,24
283,G0X,2403,24
284,G0X,2404,24
285,G0Y,2405,24
286,G0Y,2412,24
287,G0Z,2404,24
288,G1A,2403,24
289,G1B,2403,24
290,G1C,2403,24
291,G1E,2403,24
292,G1G,2403,24
293,G1H,2403,24
294,G1J,2403,24
295,G1K,2403,24
296,G1L,2403,24
297,G1M,2403,24
298,G1N,2403,24
299,G1P,2403,24
300,G1R,2403,24
301,G1S,2403,24
302,G1T,2403,24
303,G1V,2403,24
304,G1W,2403,24
305,G1X,2403,24
306,G1Y,2403,24
307,G2A,2403,24
308,G2B,2403,24
309,G2C,2403,24
310,G2E,2403,24
311,G2G,2403,24
312,G2J,2403,24
313,G2K,2403,24
314,G2L,2403,24
315,G2M,2403,24
316,G2N,2403,24
317,G3A,2403,24
318,G3B,2403,24
319,G3C,2403,24
320,G3E,2403,24
321,G3G,2403,24
322,G3H,2403,24
323,G3J,2403,24
324,G3K,2403,24
325,G3L,2403,24
326,G3M,2403,24
327,G3N,2403,24
328,G3Z,2403,24
329,G4A,2403,24
330,G4R,2409,24
331,G4S,2409,24
332,G4T,2411,24
333,G4V,2411,24
334,G4W,2401,24
335,G4X,2411,24
336,G4Z,2409,24
337,G5A,2403,24
338,G5B,2409,24
339,G5C,2409,24
340,G5H,2401,24
341,G5J,2401,24
342,G5L,2401,24
343,G5M,2401,24
344,G5N,2401,24
345,G5R,2401,24
346,G5T,2401,24
347,G5V,2412,24
348,G5X,2412,24
349,G5Y,2412,24
350,G5Z,2404,24
351,G5Z,2412,24
352,G6A,2412,24
353,G6B,2405,24
354,G6C,2412,24
355,G6E,2412,24
356,G6G,2412,24
357,G6H,2412,24
358,G6J,2412,24
359,G6K,2412,24
360,G6L,2404,24
361,G6P,2404,24
362,G6R,2404,24
363,G6S,2404,24
364,G6T,2404,24
365,G6V,2412,24
366,G6W,2412,24
367,G6X,2412,24
368,G6Y,2412,24
369,G6Z,2412,24
370,G7A,2412,24
371,G7B,2402,24
372,G7G,2402,24
373,G7H,2402,24
374,G7J,2402,24
375,G7K,2402,24
376,G7N,2402,24
377,G7P,2402,24
378,G7S,2402,24
379,G7T,2402,24
380,G7X,2402,24
381,G7Y,2402,24
382,G7Z,2402,24
383,G8A,2402,24
384,G8B,2402,24
385,G8C,2402,24
386,G8E,2402,24
387,G8G,2402,24
388,G8H,2402,24
389,G8J,2402,24
390,G8K,2402,24
391,G8L,2402,24
392,G8M,2402,24
393,G8N,2402,24
394,G8P,2410,24
395,G8T,2404,24
396,G8V,2404,24
397,G8W,2404,24
398,G8Y,2404,24
399,G8Z,2404,24
400,G9A,2404,24
401,G9B,2404,24
402,G9C,2404,24
403,G9H,2404,24
404,G9N,2404,24
405,G9P,2404,24
406,G9R,2404,24
407,G9T,2404,24
408,G9X,2404,24
409,H0M,2416,24
410,H1A,2406,24
411,H1A,2416,24
412,H1B,2406,24
413,H1C,2406,24
414,H1E,2406,24
415,H1G,2406,24
416,H1H,2406,24
417,H1J,2406,24
418,H1K,2406,24
419,H1L,2406,24
420,H1M,2406,24
421,H1N,2406,24
422,H1P,2406,24
423,H1R,2406,24
424,H1S,2406,24
425,H1T,2406,24
426,H1V,2406,24
427,H1W,2406,24
428,H1X,2406,24
429,H1Y,2406,24
430,H1Z,2406,24
431,H2A,2406,24
432,H2B,2406,24
433,H2C,2406,24
434,H2E,2406,24
435,H2G,2406,24
436,H2H,2406,24
437,H2J,2406,24
438,H2K,2406,24
439,H2L,2406,24
440,H2M,2406,24
441,H2N,2406,24
442,H2P,2406,24
443,H2R,2406,24
444,H2S,2406,24
445,H2T,2406,24
446,H2V,2406,24
447,H2W,2406,24
448,H2X,2406,24
449,H2Y,2406,24
450,H2Z,2406,24
451,H3A,2406,24
452,H3B,2406,24
453,H3C,2406,24
454,H3C,2416,24
455,H3E,2406,24
456,H3G,2406,24
457,H3H,2406,24
458,H3J,2406,24
459,H3K,2406,24
460,H3L,2406,24
461,H3M,2406,24
462,H3N,2406,24
463,H3P,2406,24
464,H3R,2406,24
465,H3S,2406,24
466,H3T,2406,24
467,H3V,2406,24
468,H3W,2406,24
469,H3X,2406,24
470,H3Y,2406,24
471,H3Z,2406,24
472,H4A,2406,24
473,H4B,2406,24
474,H4C,2406,24
475,H4E,2406,24
476,H4G,2406,24
477,H4H,2406,24
478,H4J,2406,24
479,H4K,2406,24
480,H4L,2406,24
481,H4M,2406,24
482,H4N,2406,24
483,H4P,2406,24
484,H4R,2406,24
485,H4S,2406,24
486,H4T,2406,24
487,H4V,2406,24
488,H4W,2406,24
489,H4X,2406,24
490,H4Y,2406,24
491,H4Z,2406,24
492,H5A,2406,24
493,H5B,2406,24
494,H7A,2406,24
495,H7A,2413,24
496,H7B,2413,24
497,H7C,2406,24
498,H7C,2413,24
499,H7E,2406,24
500,H7E,2413,24
501,H7G,2406,24
502,H7G,2413,24
503,H7H,2413,24
504,H7J,2413,24
505,H7K,2413,24
506,H7L,2413,24
507,H7M,2413,24
508,H7N,2406,24
509,H7N,2413,24
510,H7P,2413,24
511,H7R,2406,24
512,H7R,2413,24
513,H7S,2413,24
514,H7T,2413,24
515,H7V,2406,24
516,H7V,2413,24
517,H7W,2406,24
518,H7W,2413,24
519,H7X,2406,24
520,H7X,2413,24
521,H7Y,2406,24
522,H7Y,2413,24
523,H8N,2406,24
524,H8P,2406,24
525,H8R,2406,24
526,H8S,2406,24
527,H8T,2406,24
528,H8Y,2406,24
529,H8Z,2406,24
530,H9A,2406,24
531,H9B,2406,24
532,H9C,2406,24
533,H9E,2406,24
534,H9G,2406,24
535,H9H,2406,24
536,H9J,2406,24
537,H9K,2406,24
538,H9P,2406,24
539,H9R,2406,24
540,H9S,2406,24
541,H9W,2406,24
542,H9X,2406,24
543,J0A,2404,24
544,J0A,2405,24
545,J0B,2404,24
546,J0B,2405,24
547,J0C,2404,24
548,J0C,2405,24
549,J0C,2416,24
550,J0E,2405,24
551,J0E,2416,24
552,J0G,2404,24
553,J0G,2416,24
554,J0H,2404,24
555,J0H,2405,24
556,J0H,2416,24
557,J0J,2405,24
558,J0J,2416,24
559,J0K,2404,24
560,J0K,2414,24
561,J0L,2405,24
562,J0L,2416,24
563,J0M,2418,24
564,J0N,2414,24
565,J0N,2415,24
566,J0P,2415,24
567,J0P,2416,24
568,J0R,2415,24
569,J0S,2416,24
570,J0T,2407,24
571,J0T,2414,24
572,J0T,2415,24
573,J0V,2407,24
574,J0V,2415,24
575,J0W,2407,24
576,J0W,2415,24
577,J0X,2407,24
578,J0X,2415,24
579,J0Y,2408,24
580,J0Y,2410,24
581,J0Z,2408,24
582,J0Z,2410,24
583,J1A,2405,24
584,J1C,2405,24
585,J1E,2405,24
586,J1G,2405,24
587,J1H,2405,24
588,J1J,2405,24
589,J1K,2405,24
590,J1L,2405,24
591,J1M,2405,24
592,J1N,2405,24
593,J1R,2405,24
594,J1S,2405,24
595,J1T,2405,24
596,J1X,2405,24
597,J1Z,2404,24
598,J2A,2404,24
599,J2B,2404,24
600,J2C,2404,24
601,J2E,2404,24
602,J2G,2405,24
603,J2H,2405,24
604,J2J,2405,24
605,J2K,2405,24
606,J2L,2405,24
607,J2M,2405,24
608,J2N,2405,24
609,J2R,2416,24
610,J2S,2416,24
611,J2T,2416,24
612,J2W,2416,24
613,J2X,2416,24
614,J2Y,2416,24
615,J3A,2416,24
616,J3B,2416,24
617,J3E,2416,24
618,J3G,2416,24
619,J3H,2416,24
620,J3L,2416,24
621,J3M,2416,24
622,J3N,2416,24
623,J3P,2416,24
624,J3R,2416,24
625,J3T,2404,24
626,J3V,2416,24
627,J3X,2416,24
628,J3Y,2416,24
629,J3Z,2416,24
630,J4B,2416,24
631,J4G,2416,24
632,J4H,2416,24
633,J4J,2416,24
634,J4K,2416,24
635,J4L,2416,24
636,J4M,2416,24
637,J4N,2416,24
638,J4P,2416,24
639,J4R,2416,24
640,J4S,2416,24
641,J4T,2416,24
642,J4V,2416,24
643,J4W,2416,24
644,J4X,2416,24
645,J4Y,2416,24
646,J4Z,2416,24
647,J5A,2416,24
648,J5B,2416,24
649,J5C,2416,24
650,J5J,2414,24
651,J5J,2415,24
652,J5K,2415,24
653,J5L,2415,24
654,J5M,2414,24
655,J5M,2415,24
656,J5R,2416,24
657,J5T,2414,24
658,J5V,2404,24
659,J5W,2414,24
660,J5X,2414,24
661,J5Y,2414,24
662,J5Z,2414,24
663,J6A,2414,24
664,J6E,2414,24
665,J6J,2416,24
666,J6K,2416,24
667,J6N,2416,24
668,J6R,2416,24
669,J6S,2416,24
670,J6T,2416,24
671,J6V,2413,24
672,J6V,2414,24
673,J6W,2413,24
674,J6W,2414,24
675,J6X,2413,24
676,J6X,2414,24
677,J6X,2415,24
678,J6Y,2413,24
679,J6Y,2414,24
680,J6Y,2415,24
681,J6Z,2413,24
682,J6Z,2414,24
683,J6Z,2415,24
684,J7A,2413,24
685,J7A,2415,24
686,J7B,2415,24
687,J7C,2414,24
688,J7C,2415,24
689,J7E,2415,24
690,J7G,2413,24
691,J7G,2415,24
692,J7H,2415,24
693,J7J,2415,24
694,J7K,2414,24
695,J7L,2414,24
696,J7M,2414,24
697,J7M,2415,24
698,J7N,2415,24
699,J7P,2413,24
700,J7P,2415,24
701,J7R,2413,24
702,J7R,2415,24
703,J7T,2416,24
704,J7V,2416,24
705,J7W,2416,24
706,J7X,2416,24
707,J7Y,2415,24
708,J7Z,2415,24
709,J8A,2414,24
710,J8A,2415,24
711,J8B,2415,24
712,J8C,2415,24
713,J8E,2415,24
714,J8G,2415,24
715,J8H,2415,24
716,J8L,2407,24
717,J8M,2407,24
718,J8N,2407,24
719,J8P,2407,24
720,J8R,2407,24
721,J8T,2407,24
722,J8V,2407,24
723,J8X,2407,24
724,J8Y,2407,24
725,J8Z,2407,24
726,J9A,2407,24
727,J9B,2407,24
728,J9E,2407,24
729,J9H,2407,24
730,J9J,2407,24
731,J9L,2415,24
732,J9P,2408,24
733,J9T,2408,24
734,J9V,2408,24
735,J9X,2408,24
736,J9Y,2408,24
737,J9Z,2408,35
738,K0A,3543,35
739,K0A,3551,35
740,K0A,3557,35
741,K0A,3558,35
742,K0B,3558,35
743,K0C,3551,35
744,K0C,3558,35
745,K0E,3543,35
746,K0E,3558,35
747,K0G,3541,35
748,K0G,3543,35
749,K0G,3551,35
750,K0G,3558,35
751,K0H,3538,35
752,K0H,3541,35
753,K0H,3543,35
754,K0J,3538,35
755,K0J,3541,35
756,K0J,3543,35
757,K0J,3557,35
758,K0K,3535,35
759,K0K,3538,35
760,K0K,3541,35
761,K0K,3555,35
762,K0L,3535,35
763,K0L,3538,35
764,K0L,3541,35
765,K0L,3555,35
766,K0L,3557,35
767,K0M,3530,35
768,K0M,3535,35
769,K0M,3555,35
770,K1A,3551,35
771,K1B,3551,35
772,K1C,3551,35
773,K1E,3551,35
774,K1G,3551,35
775,K1H,3551,35
776,K1J,3551,35
777,K1K,3551,35
778,K1L,3551,35
779,K1M,3551,35
780,K1N,3551,35
781,K1P,3551,35
782,K1R,3551,35
783,K1S,3551,35
784,K1T,3551,35
785,K1V,3551,35
786,K1W,3551,35
787,K1X,3551,35
788,K1Y,3551,35
789,K1Z,3551,35
790,K2A,3551,35
791,K2B,3551,35
792,K2C,3551,35
793,K2E,3551,35
794,K2G,3551,35
795,K2H,3551,35
796,K2J,3551,35
797,K2K,3551,35
798,K2L,3551,35
799,K2M,3551,35
800,K2P,3551,35
801,K2R,3551,35
802,K2S,3551,35
803,K2T,3551,35
804,K2V,3551,35
805,K2W,3551,35
806,K4A,3551,35
807,K4B,3551,35
808,K4B,3558,35
809,K4C,3551,35
810,K4K,3551,35
811,K4K,3558,35
812,K4M,3551,35
813,K4P,3551,35
814,K4R,3551,35
815,K4R,3558,35
816,K6A,3558,35
817,K6H,3558,35
818,K6J,3558,35
819,K6K,3558,35
820,K6T,3543,35
821,K6V,3543,35
822,K7A,3543,35
823,K7A,3551,35
824,K7C,3543,35
825,K7G,3541,35
826,K7G,3543,35
827,K7H,3543,35
828,K7K,3541,35
829,K7L,3541,35
830,K7L,3543,35
831,K7M,3541,35
832,K7N,3541,35
833,K7P,3541,35
834,K7R,3538,35
835,K7R,3541,35
836,K7S,3543,35
837,K7S,3551,35
838,K7S,3557,35
839,K7V,3557,35
840,K8A,3557,35
841,K8B,3557,35
842,K8H,3557,35
843,K8N,3538,35
844,K8P,3538,35
845,K8R,3538,35
846,K8V,3535,35
847,K8V,3538,35
848,K9A,3535,35
849,K9H,3555,35
850,K9J,3535,35
851,K9J,3555,35
852,K9K,3555,35
853,K9L,3555,35
854,K9V,3535,35
855,L0A,3530,35
856,L0A,3535,35
857,L0A,3555,35
858,L0B,3530,35
859,L0B,3535,35
860,L0C,3530,35
861,L0C,3535,35
862,L0C,3570,35
863,L0E,3530,35
864,L0E,3535,35
865,L0E,3570,35
866,L0G,3530,35
867,L0G,3553,35
868,L0G,3560,35
869,L0G,3570,35
870,L0H,3530,35
871,L0H,3570,35
872,L0J,3553,35
873,L0J,3570,35
874,L0K,3530,35
875,L0K,3535,35
876,L0K,3560,35
877,L0L,3560,35
878,L0M,3533,35
879,L0M,3560,35
880,L0M,3566,35
881,L0N,3553,35
882,L0N,3560,35
883,L0N,3566,35
884,L0P,3536,35
885,L0P,3537,35
886,L0P,3553,35
887,L0P,3566,35
888,L0R,3527,35
889,L0R,3534,35
890,L0R,3536,35
891,L0R,3537,35
892,L0R,3546,35
893,L0S,3546,35
894,L1A,3530,35
895,L1A,3535,35
896,L1B,3530,35
897,L1B,3535,35
898,L1C,3530,35
899,L1E,3530,35
900,L1G,3530,35
901,L1H,3530,35
902,L1J,3530,35
903,L1K,3530,35
904,L1L,3530,35
905,L1M,3530,35
906,L1N,3530,35
907,L1P,3530,35
908,L1R,3530,35
909,L1S,3530,35
910,L1T,3530,35
911,L1V,3530,35
912,L1V,3595,35
913,L1W,3530,35
914,L1W,3595,35
915,L1X,3530,35
916,L1Y,3530,35
917,L1Z,3530,35
918,L2A,3546,35
919,L2E,3546,35
920,L2G,3546,35
921,L2H,3546,35
922,L2J,3546,35
923,L2M,3546,35
924,L2N,3546,35
925,L2P,3546,35
926,L2R,3546,35
927,L2S,3546,35
928,L2T,3546,35
929,L2V,3546,35
930,L2W,3546,35
931,L3B,3546,35
932,L3C,3546,35
933,L3K,3546,35
934,L3M,3546,35
935,L3P,3570,35
936,L3R,3570,35
937,L3R,3595,35
938,L3S,3570,35
939,L3S,3595,35
940,L3T,3570,35
941,L3T,3595,35
942,L3V,3535,35
943,L3V,3560,35
944,L3X,3570,35
945,L3Y,3570,35
946,L3Z,3560,35
947,L3Z,3570,35
948,L4A,3530,35
949,L4A,3570,35
950,L4B,3570,35
951,L4C,3570,35
952,L4E,3570,35
953,L4G,3570,35
954,L4H,3570,35
955,L4H,3595,35
956,L4J,3570,35
957,L4J,3595,35
958,L4K,3570,35
959,L4K,3595,35
960,L4L,3570,35
961,L4L,3595,35
962,L4M,3560,35
963,L4N,3560,35
964,L4P,3530,35
965,L4P,3570,35
966,L4R,3560,35
967,L4S,3570,35
968,L4T,3553,35
969,L4T,3595,35
970,L4V,3553,35
971,L4V,3595,35
972,L4W,3553,35
973,L4W,3595,35
974,L4X,3553,35
975,L4X,3595,35
976,L4Y,3553,35
977,L4Z,3553,35
978,L5A,3553,35
979,L5B,3553,35
980,L5C,3553,35
981,L5E,3553,35
982,L5E,3595,35
983,L5G,3553,35
984,L5H,3553,35
985,L5J,3536,35
986,L5J,3553,35
987,L5K,3536,35
988,L5K,3553,35
989,L5L,3536,35
990,L5L,3553,35
991,L5M,3536,35
992,L5M,3553,35
993,L5N,3536,35
994,L5N,3553,35
995,L5P,3553,35
996,L5R,3553,35
997,L5S,3553,35
998,L5T,3553,35
999,L5V,3553,35
1000,L5W,3553,35
1001,L6A,3570,35
1002,L6B,3570,35
1003,L6B,3595,35
1004,L6C,3570,35
1005,L6E,3570,35
1006,L6E,3595,35
1007,L6G,3570,35
1008,L6H,3536,35
1009,L6H,3553,35
1010,L6J,3536,35
1011,L6J,3553,35
1012,L6K,3536,35
1013,L6L,3536,35
1014,L6M,3536,35
1015,L6P,3553,35
1016,L6P,3570,35
1017,L6R,3553,35
1018,L6S,3553,35
1019,L6T,3553,35
1020,L6T,3570,35
1021,L6T,3595,35
1022,L6V,3553,35
1023,L6W,3553,35
1024,L6X,3536,35
1025,L6X,3553,35
1026,L6Y,3553,35
1027,L6Z,3553,35
1028,L7A,3536,35
1029,L7A,3553,35
1030,L7B,3570,35
1031,L7C,3536,35
1032,L7C,3553,35
1033,L7E,3553,35
1034,L7E,3570,35
1035,L7G,3536,35
1036,L7G,3553,35
1037,L7J,3536,35
1038,L7J,3566,35
1039,L7K,3553,35
1040,L7K,3566,35
1041,L7L,3536,35
1042,L7M,3536,35
1043,L7N,3536,35
1044,L7P,3536,35
1045,L7P,3537,35
1046,L7R,3536,35
1047,L7S,3536,35
1048,L7T,3536,35
1049,L7T,3537,35
1050,L8B,3536,35
1051,L8B,3537,35
1052,L8E,3537,35
1053,L8E,3546,35
1054,L8G,3537,35
1055,L8H,3537,35
1056,L8J,3537,35
1057,L8J,3546,35
1058,L8K,3537,35
1059,L8L,3537,35
1060,L8M,3537,35
1061,L8N,3537,35
1062,L8P,3537,35
1063,L8R,3537,35
1064,L8S,3537,35
1065,L8T,3537,35
1066,L8V,3537,35
1067,L8W,3537,35
1068,L9A,3537,35
1069,L9B,3537,35
1070,L9C,3537,35
1071,L9E,3536,35
1072,L9E,3553,35
1073,L9G,3527,35
1074,L9G,3534,35
1075,L9G,3537,35
1076,L9H,3536,35
1077,L9H,3537,35
1078,L9J,3560,35
1079,L9K,3537,35
1080,L9L,3530,35
1081,L9M,3560,35
1082,L9N,3570,35
1083,L9P,3530,35
1084,L9R,3560,35
1085,L9R,3566,35
1086,L9S,3560,35
1087,L9T,3536,35
1088,L9V,3560,35
1089,L9V,3566,35
1090,L9W,3553,35
1091,L9W,3560,35
1092,L9W,3566,35
1093,L9X,3560,35
1094,L9Y,3533,35
1095,L9Y,3560,35
1096,L9Z,3560,35
1097,M1B,3595,35
1098,M1C,3595,35
1099,M1E,3595,35
1100,M1G,3595,35
1101,M1H,3595,35
1102,M1J,3595,35
1103,M1K,3595,35
1104,M1L,3595,35
1105,M1M,3595,35
1106,M1N,3595,35
1107,M1P,3595,35
1108,M1R,3595,35
1109,M1S,3595,35
1110,M1T,3595,35
1111,M1V,3595,35
1112,M1W,3595,35
1113,M1X,3595,35
1114,M2H,3595,35
1115,M2J,3595,35
1116,M2K,3595,35
1117,M2L,3595,35
1118,M2M,3595,35
1119,M2N,3595,35
1120,M2P,3595,35
1121,M2R,3595,35
1122,M3A,3595,35
1123,M3B,3595,35
1124,M3C,3595,35
1125,M3H,3595,35
1126,M3J,3595,35
1127,M3K,3595,35
1128,M3L,3595,35
1129,M3M,3595,35
1130,M3N,3595,35
1131,M4A,3595,35
1132,M4B,3595,35
1133,M4C,3595,35
1134,M4E,3595,35
1135,M4G,3595,35
1136,M4H,3595,35
1137,M4J,3595,35
1138,M4K,3595,35
1139,M4L,3595,35
1140,M4M,3595,35
1141,M4N,3595,35
1142,M4P,3595,35
1143,M4R,3595,35
1144,M4S,3595,35
1145,M4T,3595,35
1146,M4V,3595,35
1147,M4W,3595,35
1148,M4X,3595,35
1149,M4Y,3595,35
1150,M5A,3595,35
1151,M5B,3595,35
1152,M5C,3595,35
1153,M5E,3595,35
1154,M5G,3595,35
1155,M5H,3595,35
1156,M5J,3595,35
1157,M5K,3595,35
1158,M5L,3595,35
1159,M5M,3595,35
1160,M5N,3595,35
1161,M5P,3595,35
1162,M5R,3595,35
1163,M5S,3595,35
1164,M5T,3595,35
1165,M5V,3595,35
1166,M5X,3595,35
1167,M6A,3595,35
1168,M6B,3595,35
1169,M6C,3595,35
1170,M6E,3595,35
1171,M6G,3595,35
1172,M6H,3595,35
1173,M6J,3595,35
1174,M6K,3595,35
1175,M6L,3595,35
1176,M6M,3595,35
1177,M6N,3595,35
1178,M6P,3595,35
1179,M6R,3595,35
1180,M6S,3595,35
1181,M7A,3595,35
1182,M7R,3553,35
1183,M7Y,3595,35
1184,M8V,3595,35
1185,M8W,3553,35
1186,M8W,3595,35
1187,M8X,3595,35
1188,M8Y,3595,35
1189,M8Z,3595,35
1190,M9A,3595,35
1191,M9B,3595,35
1192,M9C,3553,35
1193,M9C,3595,35
1194,M9L,3595,35
1195,M9M,3595,35
1196,M9N,3595,35
1197,M9P,3595,35
1198,M9R,3595,35
1199,M9V,3595,35
1200,M9W,3595,35
1201,N0A,3527,35
1202,N0A,3534,35
1203,N0A,3537,35
1204,N0A,3546,35
1205,N0B,3527,35
1206,N0B,3536,35
1207,N0B,3537,35
1208,N0B,3539,35
1209,N0B,3565,35
1210,N0B,3566,35
1211,N0B,3575,35
1212,N0C,3533,35
1213,N0C,3560,35
1214,N0C,3566,35
1215,N0E,3527,35
1216,N0E,3534,35
1217,N0E,3537,35
1218,N0E,3575,35
1219,N0G,3533,35
1220,N0G,3539,35
1221,N0G,3565,35
1222,N0G,3566,35
1223,N0H,3533,35
1224,N0J,3527,35
1225,N0J,3534,35
1226,N0J,3544,35
1227,N0J,3565,35
1228,N0J,3575,35
1229,N0K,3539,35
1230,N0K,3565,35
1231,N0K,3575,35
1232,N0L,3540,35
1233,N0L,3542,35
1234,N0L,3544,35
1235,N0L,3575,35
1236,N0M,3539,35
1237,N0M,3542,35
1238,N0M,3544,35
1239,N0M,3575,35
1240,N0N,3542,35
1241,N0N,3544,35
1242,N0P,3540,35
1243,N0P,3542,35
1244,N0P,3568,35
1245,N0R,3568,35
1246,N1A,3534,35
1247,N1A,3546,35
1248,N1C,3566,35
1249,N1E,3566,35
1250,N1G,3566,35
1251,N1H,3565,35
1252,N1H,3566,35
1253,N1K,3566,35
1254,N1L,3566,35
1255,N1M,3566,35
1256,N1P,3565,35
1257,N1R,3527,35
1258,N1R,3537,35
1259,N1R,3565,35
1260,N1S,3565,35
1261,N1T,3565,35
1262,N1T,3566,35
1263,N2A,3565,35
1264,N2B,3565,35
1265,N2C,3565,35
1266,N2E,3565,35
1267,N2G,3565,35
1268,N2H,3565,35
1269,N2J,3565,35
1270,N2K,3565,35
1271,N2L,3565,35
1272,N2M,3565,35
1273,N2N,3565,35
1274,N2P,3565,35
1275,N2R,3565,35
1276,N2T,3565,35
1277,N2V,3565,35
1278,N2Z,3533,35
1279,N2Z,3539,35
1280,N3A,3539,35
1281,N3A,3565,35
1282,N3A,3575,35
1283,N3B,3565,35
1284,N3C,3565,35
1285,N3C,3566,35
1286,N3E,3565,35
1287,N3H,3565,35
1288,N3L,3527,35
1289,N3L,3575,35
1290,N3P,3527,35
1291,N3R,3527,35
1292,N3S,3527,35
1293,N3T,3527,35
1294,N3T,3537,35
1295,N3V,3527,35
1296,N3W,3527,35
1297,N3W,3534,35
1298,N3W,3537,35
1299,N3Y,3534,35
1300,N4B,3534,35
1301,N4G,3534,35
1302,N4G,3575,35
1303,N4K,3533,35
1304,N4L,3533,35
1305,N4N,3533,35
1306,N4S,3527,35
1307,N4S,3575,35
1308,N4T,3575,35
1309,N4V,3575,35
1310,N4W,3539,35
1311,N4W,3566,35
1312,N4X,3539,35
1313,N4X,3544,35
1314,N4X,3575,35
1315,N4Z,3539,35
1316,N5A,3539,35
1317,N5C,3544,35
1318,N5C,3575,35
1319,N5H,3575,35
1320,N5L,3575,35
1321,N5P,3575,35
1322,N5R,3575,35
1323,N5V,3544,35
1324,N5W,3544,35
1325,N5X,3544,35
1326,N5Y,3544,35
1327,N5Z,3544,35
1328,N6A,3544,35
1329,N6B,3544,35
1330,N6C,3544,35
1331,N6E,3544,35
1332,N6G,3544,35
1333,N6H,3544,35
1334,N6J,3544,35
1335,N6K,3544,35
1336,N6L,3544,35
1337,N6L,3575,35
1338,N6M,3544,35
1339,N6N,3544,35
1340,N6N,3575,35
1341,N6P,3544,35
1342,N7A,3533,35
1343,N7A,3539,35
1344,N7G,3544,35
1345,N7L,3540,35
1346,N7M,3540,35
1347,N7S,3542,35
1348,N7T,3542,35
1349,N7V,3542,35
1350,N7W,3542,35
1351,N7X,3542,35
1352,N8A,3540,35
1353,N8A,3542,35
1354,N8H,3568,35
1355,N8M,3568,35
1356,N8N,3568,35
1357,N8P,3568,35
1358,N8R,3568,35
1359,N8S,3568,35
1360,N8T,3568,35
1361,N8V,3568,35
1362,N8W,3568,35
1363,N8X,3568,35
1364,N8Y,3568,35
1365,N9A,3568,35
1366,N9B,3568,35
1367,N9C,3568,35
1368,N9E,3568,35
1369,N9G,3568,35
1370,N9H,3568,35
1371,N9J,3568,35
1372,N9K,3568,35
1373,N9V,3568,35
1374,N9Y,3568,35
1375,P0A,3535,35
1376,P0A,3547,35
1377,P0A,3560,35
1378,P0B,3560,35
1379,P0C,3547,35
1380,P0C,3560,35
1381,P0E,3560,35
1382,P0G,3547,35
1383,P0H,3547,35
1384,P0H,3557,35
1385,P0H,3561,35
1386,P0H,3563,35
1387,P0J,3563,35
1388,P0K,3556,35
1389,P0K,3563,35
1390,P0L,3556,35
1391,P0M,3526,35
1392,P0M,3547,35
1393,P0M,3556,35
1394,P0M,3561,35
1395,P0N,3556,35
1396,P0P,3526,35
1397,P0P,3561,35
1398,P0R,3526,35
1399,P0S,3526,35
1400,P0T,3549,35
1401,P0T,3562,35
1402,P0V,3549,35
1403,P0V,3562,35
1404,P0W,3549,35
1405,P0X,3549,35
1406,P1A,3547,35
1407,P1B,3547,35
1408,P1C,3547,35
1409,P1H,3560,35
1410,P1L,3535,35
1411,P1L,3560,35
1412,P1P,3560,35
1413,P2A,3547,35
1414,P2B,3547,35
1415,P2N,3563,35
1416,P3A,3561,35
1417,P3B,3561,35
1418,P3C,3561,35
1419,P3E,3561,35
1420,P3G,3561,35
1421,P3L,3561,35
1422,P3N,3561,35
1423,P3P,3561,35
1424,P3Y,3561,35
1425,P4N,3556,35
1426,P4P,3556,35
1427,P4R,3556,35
1428,P5A,3526,35
1429,P5E,3561,35
1430,P5N,3556,35
1431,P6A,3526,35
1432,P6B,3526,35
1433,P6C,3526,35
1434,P7A,3562,35
1435,P7B,3562,35
1436,P7C,3562,35
1437,P7E,3562,35
1438,P7G,3562,35
1439,P7J,3562,35
1440,P7K,3562,35
1441,P7L,3562,35
1442,P8N,3549,35
1443,P8T,3549,35
1444,P9A,3549,35
1445,P9N,3549,46
1446,R0A,4605,46
1447,R0B,4604,46
1448,R0C,4603,46
1449,R0E,4603,46
1450,R0G,4605,46
1451,R0H,4605,46
1452,R0J,4602,46
1453,R0J,4605,46
1454,R0K,4602,46
1455,R0L,4602,46
1456,R0M,4602,46
1457,R1A,4601,46
1458,R1A,4603,46
1459,R1B,4603,46
1460,R1C,4601,46
1461,R1C,4603,46
1462,R1N,4605,46
1463,R2C,4601,46
1464,R2C,4603,46
1465,R2E,4601,46
1466,R2E,4603,46
1467,R2G,4601,46
1468,R2G,4603,46
1469,R2H,4601,46
1470,R2J,4601,46
1471,R2J,4603,46
1472,R2K,4601,46
1473,R2L,4601,46
1474,R2M,4601,46
1475,R2N,4601,46
1476,R2N,4605,46
1477,R2P,4601,46
1478,R2R,4601,46
1479,R2V,4601,46
1480,R2W,4601,46
1481,R2X,4601,46
1482,R2Y,4601,46
1483,R3A,4601,46
1484,R3B,4601,46
1485,R3C,4601,46
1486,R3E,4601,46
1487,R3G,4601,46
1488,R3H,4601,46
1489,R3J,4601,46
1490,R3K,4601,46
1491,R3K,4605,46
1492,R3L,4601,46
1493,R3M,4601,46
1494,R3N,4601,46
1495,R3P,4601,46
1496,R3P,4605,46
1497,R3R,4601,46
1498,R3S,4601,46
1499,R3S,4605,46
1500,R3T,4601,46
1501,R3V,4601,46
1502,R3V,4605,46
1503,R3W,4601,46
1504,R3W,4603,46
1505,R3X,4601,46
1506,R3X,4603,46
1507,R3X,4605,46
1508,R3Y,4601,46
1509,R4A,4601,46
1510,R4G,4605,46
1511,R4H,4601,46
1512,R4H,4605,46
1513,R4J,4605,46
1514,R4K,4605,46
1515,R4L,4605,46
1516,R5A,4605,46
1517,R5G,4605,46
1518,R5H,4605,46
1519,R6M,4605,46
1520,R6W,4605,46
1521,R7A,4602,46
1522,R7B,4602,46
1523,R7C,4602,46
1524,R7N,4602,46
1525,R8A,4604,46
1526,R8N,4604,46
1527,R9A,4604,47
1528,S0A,472,47
1529,S0A,473,47
1530,S0A,475,47
1531,S0C,476,47
1532,S0E,472,47
1533,S0G,474,47
1534,S0G,475,47
1535,S0G,476,47
1536,S0H,476,47
1537,S0J,471,47
1538,S0J,472,47
1539,S0K,473,47
1540,S0K,474,47
1541,S0L,473,47
1542,S0M,472,47
1543,S0N,476,47
1544,S0P,471,47
1545,S2V,475,47
1546,S3N,473,47
1547,S4A,476,47
1548,S4H,476,47
1549,S4L,475,47
1550,S4N,475,47
1551,S4P,475,47
1552,S4R,475,47
1553,S4S,475,47
1554,S4T,475,47
1555,S4V,475,47
1556,S4W,475,47
1557,S4X,475,47
1558,S4Y,475,47
1559,S4Z,475,47
1560,S6H,476,47
1561,S6J,476,47
1562,S6K,476,47
1563,S6V,472,47
1564,S6W,472,47
1565,S6X,472,47
1566,S7H,474,47
1567,S7J,474,47
1568,S7K,474,47
1569,S7L,474,47
1570,S7M,474,47
1571,S7N,474,47
1572,S7P,474,47
1573,S7R,474,47
1574,S7S,474,47
1575,S7T,474,47
1576,S7V,474,47
1577,S7W,474,47
1578,S9A,472,47
1579,S9H,476,47
1580,S9V,472,47
1581,S9X,472,48
1582,T0A,4834,48
1583,T0A,4835,48
1584,T0B,4833,48
1585,T0B,4834,48
1586,T0C,4833,48
1587,T0C,4834,48
1588,T0E,4834,48
1589,T0E,4835,48
1590,T0G,4834,48
1591,T0G,4835,48
1592,T0H,4835,48
1593,T0J,4831,48
1594,T0J,4832,48
1595,T0J,4833,48
1596,T0K,4831,48
1597,T0L,4831,48
1598,T0L,4832,48
1599,T0M,4832,48
1600,T0M,4833,48
1601,T0P,4835,48
1602,T1A,4831,48
1603,T1B,4831,48
1604,T1C,4831,48
1605,T1G,4831,48
1606,T1H,4831,48
1607,T1J,4831,48
1608,T1K,4831,48
1609,T1L,4832,48
1610,T1M,4831,48
1611,T1P,4832,48
1612,T1R,4831,48
1613,T1S,4832,48
1614,T1V,4832,48
1615,T1W,4832,48
1616,T1X,4832,48
1617,T1Y,4832,48
1618,T1Z,4832,48
1619,T2A,4832,48
1620,T2B,4832,48
1621,T2C,4832,48
1622,T2E,4832,48
1623,T2G,4832,48
1624,T2H,4832,48
1625,T2J,4832,48
1626,T2K,4832,48
1627,T2L,4832,48
1628,T2M,4832,48
1629,T2N,4832,48
1630,T2P,4832,48
1631,T2R,4832,48
1632,T2S,4832,48
1633,T2T,4832,48
1634,T2V,4832,48
1635,T2W,4832,48
1636,T2X,4832,48
1637,T2Y,4832,48
1638,T2Z,4832,48
1639,T3A,4832,48
1640,T3B,4832,48
1641,T3C,4832,48
1642,T3E,4832,48
1643,T3G,4832,48
1644,T3H,4832,48
1645,T3J,4832,48
1646,T3K,4832,48
1647,T3L,4832,48
1648,T3M,4832,48
1649,T3N,4832,48
1650,T3P,4832,48
1651,T3R,4832,48
1652,T3S,4832,48
1653,T3Z,4832,48
1654,T4A,4832,48
1655,T4B,4832,48
1656,T4C,4832,48
1657,T4E,4833,48
1658,T4G,4833,48
1659,T4H,4833,48
1660,T4J,4833,48
1661,T4L,4833,48
1662,T4M,4833,48
1663,T4N,4833,48
1664,T4P,4833,48
1665,T4R,4833,48
1666,T4S,4833,48
1667,T4T,4833,48
1668,T4V,4833,48
1669,T4X,4834,48
1670,T5A,4834,48
1671,T5B,4834,48
1672,T5C,4834,48
1673,T5E,4834,48
1674,T5G,4834,48
1675,T5H,4834,48
1676,T5J,4834,48
1677,T5K,4834,48
1678,T5L,4834,48
1679,T5M,4834,48
1680,T5N,4834,48
1681,T5P,4834,48
1682,T5R,4834,48
1683,T5S,4834,48
1684,T5T,4834,48
1685,T5V,4834,48
1686,T5W,4834,48
1687,T5X,4834,48
1688,T5Y,4834,48
1689,T5Z,4834,48
1690,T6A,4834,48
1691,T6B,4834,48
1692,T6C,4834,48
1693,T6E,4834,48
1694,T6G,4834,48
1695,T6H,4834,48
1696,T6J,4834,48
1697,T6K,4834,48
1698,T6L,4834,48
1699,T6M,4834,48
1700,T6N,4834,48
1701,T6P,4834,48
1702,T6R,4834,48
1703,T6S,4834,48
1704,T6T,4834,48
1705,T6V,4834,48
1706,T6W,4834,48
1707,T6X,4834,48
1708,T7A,4833,48
1709,T7E,4835,48
1710,T7N,4835,48
1711,T7P,4835,48
1712,T7S,4835,48
1713,T7V,4835,48
1714,T7X,4834,48
1715,T7Y,4834,48
1716,T7Z,4834,48
1717,T8A,4834,48
1718,T8B,4834,48
1719,T8C,4834,48
1720,T8E,4834,48
1721,T8G,4833,48
1722,T8G,4834,48
1723,T8H,4834,48
1724,T8L,4833,48
1725,T8L,4834,48
1726,T8N,4834,48
1727,T8R,4834,48
1728,T8S,4835,48
1729,T8T,4834,48
1730,T8V,4835,48
1731,T8W,4835,48
1732,T8X,4835,48
1733,T9A,4833,48
1734,T9C,4833,48
1735,T9E,4834,48
1736,T9G,4834,48
1737,T9H,4835,48
1738,T9J,4835,48
1739,T9K,4835,48
1740,T9M,4835,48
1741,T9N,4835,48
1742,T9S,4835,48
1743,T9V,4833,48
1744,T9W,4833,48
1745,T9X,4833,59
1746,V0A,592,59
1747,V0B,592,59
1748,V0C,594,59
1749,V0E,592,59
1750,V0E,594,59
1751,V0G,592,59
1752,V0H,592,59
1753,V0J,594,59
1754,V0K,591,59
1755,V0K,592,59
1756,V0K,594,59
1757,V0M,591,59
1758,V0N,593,59
1759,V0N,595,59
1760,V0P,593,59
1761,V0R,593,59
1762,V0T,594,59
1763,V0V,594,59
1764,V0X,591,59
1765,V0X,592,59
1766,V1A,592,59
1767,V1B,592,59
1768,V1C,592,59
1769,V1E,592,59
1770,V1G,594,59
1771,V1H,592,59
1772,V1J,594,59
1773,V1K,592,59
1774,V1L,592,59
1775,V1M,591,59
1776,V1N,592,59
1777,V1P,592,59
1778,V1R,592,59
1779,V1S,592,59
1780,V1T,592,59
1781,V1V,592,59
1782,V1W,592,59
1783,V1X,592,59
1784,V1Y,592,59
1785,V1Z,592,59
1786,V2A,592,59
1787,V2B,592,59
1788,V2C,592,59
1789,V2E,592,59
1790,V2G,592,59
1791,V2G,594,59
1792,V2H,592,59
1793,V2J,594,59
1794,V2K,594,59
1795,V2L,594,59
1796,V2M,594,59
1797,V2N,594,59
1798,V2P,591,59
1799,V2R,591,59
1800,V2S,591,59
1801,V2T,591,59
1802,V2V,591,59
1803,V2W,591,59
1804,V2X,591,59
1805,V2Y,591,59
1806,V2Z,591,59
1807,V3A,591,59
1808,V3B,591,59
1809,V3C,591,59
1810,V3E,591,59
1811,V3G,591,59
1812,V3H,591,59
1813,V3J,591,59
1814,V3K,591,59
1815,V3L,591,59
1816,V3M,591,59
1817,V3N,591,59
1818,V3N,595,59
1819,V3R,591,59
1820,V3S,591,59
1821,V3T,591,59
1822,V3V,591,59
1823,V3W,591,59
1824,V3X,591,59
1825,V3Y,591,59
1826,V3Z,591,59
1827,V4A,591,59
1828,V4B,591,59
1829,V4C,591,59
1830,V4E,591,59
1831,V4G,591,59
1832,V4K,591,59
1833,V4L,591,59
1834,V4M,591,59
1835,V4N,591,59
1836,V4P,591,59
1837,V4R,591,59
1838,V4S,591,59
1839,V4T,592,59
1840,V4V,592,59
1841,V4W,591,59
1842,V4X,591,59
1843,V4Z,591,59
1844,V5A,591,59
1845,V5B,591,59
1846,V5C,591,59
1847,V5E,591,59
1848,V5G,591,59
1849,V5H,591,59
1850,V5J,591,59
1851,V5J,595,59
1852,V5K,591,59
1853,V5K,595,59
1854,V5L,595,59
1855,V5M,591,59
1856,V5M,595,59
1857,V5N,595,59
1858,V5P,595,59
1859,V5R,591,59
1860,V5R,595,59
1861,V5S,591,59
1862,V5S,595,59
1863,V5T,595,59
1864,V5V,595,59
1865,V5W,595,59
1866,V5X,595,59
1867,V5Y,595,59
1868,V5Z,595,59
1869,V6A,595,59
1870,V6B,595,59
1871,V6C,595,59
1872,V6E,595,59
1873,V6G,595,59
1874,V6H,595,59
1875,V6J,595,59
1876,V6K,595,59
1877,V6L,595,59
1878,V6M,595,59
1879,V6N,595,59
1880,V6P,595,59
1881,V6R,595,59
1882,V6S,595,59
1883,V6T,595,59
1884,V6V,591,59
1885,V6V,595,59
1886,V6W,591,59
1887,V6W,595,59
1888,V6X,595,59
1889,V6Y,595,59
1890,V6Z,595,59
1891,V7A,591,59
1892,V7A,595,59
1893,V7B,595,59
1894,V7C,595,59
1895,V7E,591,59
1896,V7E,595,59
1897,V7G,595,59
1898,V7H,595,59
1899,V7J,591,59
1900,V7J,595,59
1901,V7K,595,59
1902,V7L,595,59
1903,V7M,595,59
1904,V7N,595,59
1905,V7P,595,59
1906,V7R,595,59
1907,V7S,595,59
1908,V7T,595,59
1909,V7V,595,59
1910,V7W,595,59
1911,V7X,595,59
1912,V7Y,595,59
1913,V8A,595,59
1914,V8B,595,59
1915,V8C,594,59
1916,V8G,594,59
1917,V8J,594,59
1918,V8K,593,59
1919,V8L,593,59
1920,V8M,593,59
1921,V8N,593,59
1922,V8P,593,59
1923,V8R,593,59
1924,V8S,593,59
1925,V8T,593,59
1926,V8V,593,59
1927,V8W,593,59
1928,V8X,593,59
1929,V8Y,593,59
1930,V8Z,593,59
1931,V9A,593,59
1932,V9B,593,59
1933,V9C,593,59
1934,V9E,593,59
1935,V9G,593,59
1936,V9H,593,59
1937,V9J,593,59
1938,V9K,593,59
1939,V9L,593,59
1940,V9M,593,59
1941,V9N,593,59
1942,V9P,593,59
1943,V9R,593,59
1944,V9S,593,59
1945,V9T,593,59
1946,V9V,593,59
1947,V9W,593,59
1948,V9X,593,59
1949,V9Y,593,59
1950,V9Z,593,62
1951,X0A,6201,61
1952,X0E,6101,61
1953,X1A,6101,60
1954,Y0A,6001,60
1955,Y0B,6001,60
1956,Y1A,6001,60
